Course #,Sec,Course Title,Credits,Faculty,DAYS,Start Time,End Time,Room,Remarks
ARAB212,1,Arabic Language and Communication,2,Wafaa Sheaib,M W,2:00:00 PM,2:50:00 PM,F101,
ARAB212,2,Arabic Language and Communication,2,Wafaa Sheaib,M W,3:30:00 PM,4:20:00 PM,F101,
ARAB212,3,Arabic Language and Communication,2,Dina Baba,T R,8:00:00 AM,8:50:00 AM,F206,
ARAB212,4,Arabic Language and Communication,2,Staff Staff,T R,8:00:00 AM,8:50:00 AM,F205,
ARAB212,5,Arabic Language and Communication,2,Dina Baba,T R,1:30:00 PM,2:20:00 PM,F101,
BACC205,1,Financial Accounting,3,Staff Staff,M W,8:00:00 AM,9:15:00 AM,H203,
BACC205,2,Financial Accounting,3,Staff Staff,M W,8:00:00 AM,9:15:00 AM,H205,
BACC205,3,Financial Accounting,3,Staff Staff,T R,12:00:00 PM,1:15:00 PM,H203,
BACC255,1,Managerial Accounting,3,Staff Staff,T R,1:30:00 PM,2:45:00 PM,H203,
BACC305,1,Intermediate Accounting I,3,Staff Staff,T R,1:30:00 PM,2:45:00 PM,H205,
BACC310,1,Cost Accounting,3,Staff Staff,T R,8:00:00 AM,9:15:00 AM,H203,
BACC450,1,External Auditing,3,Staff Staff,T R,8:00:00 AM,9:15:00 AM,H204,
BACC465,1,Taxation,3,Staff Staff,M W,12:30:00 PM,1:45:00 PM,H202,
BADM215,1,Personal Development & Management,1,Staff Staff,T,3:00:00 PM,4:15:00 PM,H104,
BADM215,2,Personal Development & Management,1,Staff Staff,R,3:00:00 PM,4:15:00 PM,H104,
BADM225,1,Business Math,3,Staff Staff,M W,8:00:00 AM,9:15:00 AM,H204,
BADM225,2,Business Math,3,Staff Staff,T R,12:00:00 PM,1:15:00 PM,H005,
BADM230,1,Business Law,3,Staff Staff,M W,12:30:00 PM,1:45:00 PM,H104,
BADM230,2,Business Law,3,Staff Staff,M W,2:00:00 PM,3:15:00 PM,H104,
BADM235,1,Business Research Methodology,1,Staff Staff,R,8:00:00 AM,9:15:00 AM,H005,
BADM250,1,Business Statistics,3,Staff Staff,T R,1:30:00 PM,2:45:00 PM,G LAB2,
BADM250,2,Business Statistics,3,Staff Staff,T R,1:30:00 PM,2:45:00 PM,G LAB1,
BADM290,1,Community Engagement Experience,0,Staff Staff,,,,,
BADM355,1,Business Ethics and Social Responsibility,3,Staff Staff,M W,3:30:00 PM,4:45:00 PM,H104,
BADM410,1,International Business,3,Staff Staff,M W,2:00:00 PM,3:15:00 PM,H205,
BADM420,1,Quantitative Methods for Business,3,Staff Staff,T R,3:00:00 PM,4:15:00 PM,H102,
BADM485,1,Co-op Work Experience,1,Placement Office Coop and,,,,,
BADM490,1,Entrepreneurship,3,Staff Staff,M W,9:30:00 AM,10:45:00 AM,H202,
BADM505,1,Business Research Methods,3,Staff Staff,T,4:30:00 PM,7:15:00 PM,F201,
BADM590,1,MBA Research Project,3,Staff Staff,,,,,
BADM595,1,Oil and Gas Research Project,3,Staff Staff,,,,,
BECN190,1,Introduction to Economics,3,Staff Staff,M W,8:00:00 AM,9:15:00 AM,H202,Freshman and Remedial Course
BECN301,1,Microeconomics,3,Staff Staff,M W,9:30:00 AM,10:45:00 AM,H205,
BECN301,2,Microeconomics,3,Staff Staff,T R,9:30:00 AM,10:45:00 AM,H203,
BECN302,1,Macroeconomics,3,Staff Staff,M W,12:30:00 PM,1:45:00 PM,H205,
BECN500,1,Applied Business Economics,3,Staff Staff,M,4:30:00 PM,7:15:00 PM,F201,
BFIN300,1,Financial Management I,3,Staff Staff,M W,2:00:00 PM,3:15:00 PM,H204,
BFIN305,1,Introduction to Banking,3,Staff Staff,T R,1:30:00 PM,2:45:00 PM,H202,
BFIN405,1,Bank Financial and Risk Management,3,Staff Staff,M W,11:00:00 AM,12:15:00 PM,H202,
BFIN450,1,Investment Analysis,3,Staff Staff,T R,9:30:00 AM,10:45:00 AM,H204,
BHRM300,1,Human Resources Management,3,Staff Staff,T R,12:00:00 PM,1:15:00 PM,H202,
BHRM305,1,Labor Law & Relations,3,Staff Staff,T R,1:30:00 PM,2:45:00 PM,H204,
BHRM400,1,HR Training and Development,3,Staff Staff,M W,2:00:00 PM,3:15:00 PM,H203,
BIOL222,1,Introduction to Food Safety and Lab,3,Roba AlHajj,M W,11:00:00 AM,11:50:00 AM,D201,Science Elective
BIOL222L,1,Introduction to Food Safety Lab,0,Roba AlHajj,T,3:00:00 PM,4:30:00 PM,B103,
BIOL222L,2,Introduction to Food Safety Lab,0,Roba AlHajj,R,3:00:00 PM,4:30:00 PM,B103,
BIOM301,1,Biomedical Sensors,3,Mohamad Diab,M W,11:00:00 AM,12:15:00 PM,D204,
BIOM301L,1,Biomedical Sensors Lab,1,Milana Kasab,T,7:55:00 AM,9:25:00 AM,Biomed Lab,
BIOM301L,2,Biomedical Sensors Lab,1,Milana Kasab,R,7:55:00 AM,9:25:00 AM,Biomed Lab,
BIOM413,1,Bio-electronics Circuit Design,3,Maher Sabbah,M W,9:30:00 AM,10:45:00 AM,D204,
BIOM414,1,Advanced Biomedical Instrumentation,3,Mohamad Diab,M W,12:30:00 PM,1:45:00 PM,D204,
BIOM417,1,Critical Care Equipment,3,Maher Sabbah,T R,3:00:00 PM,4:15:00 PM,D204,
BIOM499,1,COOP Work Experience,1,Placement Office Coop and,,,,,
BIOM502,1,AI Applications in Heath Care,3,Mohamad Diab,T R,3:00:00 PM,4:15:00 PM,D203,
BIOM519,1,Advanced Therapeutic Devices,3,Mohamad Diab,T R,12:00:00 PM,1:15:00 PM,D204,
BIOM521,1,Introduction to E-Health Care,3,Maher Sabbah,M W,12:30:00 PM,1:45:00 PM,D203,
BIOM522,1,Advanced Medical Imaging,3,Maher Sabbah,T R,1:30:00 PM,2:45:00 PM,D203,
BIOM595A,1,BE Summative Learning Project I,3,Staff Staff,,,,,
BIOM685III,1,Advanced Topics in Biomedical Engineering,3,Bassam Moslem,M W,3:30:00 PM,4:45:00 PM,H103,
BITM200,1,IT Management Essentials,3,Staff Staff,M W,8:00:00 AM,9:15:00 AM,G LAB1,
BITM200,2,IT Management Essentials,3,Staff Staff,T R,12:00:00 PM,1:15:00 PM,G LAB2,
BITM200,3,IT Management Essentials,3,Staff Staff,T R,3:00:00 PM,4:15:00 PM,G LAB2,
BITM300,1,Business Information Technology Management,3,Staff Staff,M W,9:30:00 AM,10:45:00 AM,H103,
BITM300,2,Business Information Technology Management,3,Staff Staff,M W,9:30:00 AM,10:45:00 AM,H002,
BITM310,1,Database Management Systems,3,Staff Staff,T R,8:00:00 AM,9:15:00 AM,G LAB2,
BITM320,1,Enterprise Resource Planning,3,Staff Staff,T R,8:00:00 AM,9:15:00 AM,G LAB1,
BITM350,1,Fundamentals of Data Analytics,3,Staff Staff,M W,9:30:00 AM,10:45:00 AM,G LAB2,
BITM350,2,Fundamentals of Data Analytics,3,Staff Staff,M W,11:00:00 AM,12:15:00 PM,G LAB2,
BITM401,1,Web Programming,3,Staff Staff,M W,11:00:00 AM,12:15:00 PM,G LAB1,
BITM415,1,Business Intelligence,3,Staff Staff,M W,12:30:00 PM,1:45:00 PM,G LAB1,
BITM450,1,Big Data Analytics,3,Staff Staff,T R,12:00:00 PM,1:15:00 PM,G LAB1,
BMGT200,1,Introduction to Management,3,Staff Staff,M W,12:30:00 PM,1:45:00 PM,H003,
BMGT200,2,Introduction to Management,3,Staff Staff,T R,12:00:00 PM,1:15:00 PM,H205,
BMGT300,1,Project Management,3,Staff Staff,T R,12:00:00 PM,1:15:00 PM,H103,
BMGT400,1,Operations Management,3,Staff Staff,M W,9:30:00 AM,10:45:00 AM,H203,
BMGT505,1,Contemporary Management and International Business,3,Staff Staff,W,4:30:00 PM,7:15:00 PM,F201,
BMKA200,1,Introduction to Marketing,3,Staff Staff,T R,8:00:00 AM,9:15:00 AM,H202,
BMKA200,2,Introduction to Marketing,3,Staff Staff,T R,9:30:00 AM,10:45:00 AM,H202,
BMKA310,1,Consumer Behavior,3,Staff Staff,M W,11:00:00 AM,12:15:00 PM,H203,
BMKA430,1,Advertising Design and Creativity,3,Staff Staff,T R,8:00:00 AM,9:15:00 AM,ILABVI,
BMKA430,2,Advertising Design and Creativity,3,Staff Staff,T R,1:30:00 PM,2:45:00 PM,ILABVI,
BMKA440,1,Social Media Marketing,3,Staff Staff,T R,9:30:00 AM,10:45:00 AM,H205,
CCEE534,1,Signal Processing,3,Oussama Mustafa,M W,8:00:00 AM,9:15:00 AM,B203,
CCEE534,2,Signal Processing,3,Oussama Mustafa,M W,11:00:00 AM,12:15:00 PM,H204,
CCEE221,1,Logic Design,3,Bassam Moslem,M W,9:30:00 AM,10:45:00 AM,H004,
CCEE221,2,Logic Design,3,Bassam Moslem,M W,2:00:00 PM,3:15:00 PM,H103,
CCEE221L,1,Logic Design Lab,1,Milana Kasab,T,9:30:00 AM,11:00:00 AM,ElectLab,
CCEE221L,2,Logic Design Lab,1,Milana Kasab,R,9:30:00 AM,11:00:00 AM,ElectLab,
CCEE324,1,Computer Organization,3,Staff Staff,T R,9:30:00 AM,10:45:00 AM,H005,
CCEE324,2,Computer Organization,3,Staff Staff,T R,1:30:00 PM,2:45:00 PM,H104,
CCEE331,1,Signals and Systems,3,Rouaa El Chamaa,M W,3:30:00 PM,4:45:00 PM,B203,
CCEE331,2,Signals and Systems,3,Rouaa El Chamaa,T R,12:00:00 PM,1:15:00 PM,H104,
CCEE426,1,Design of Embedded Systems,3,Bassam Moslem,T R,9:30:00 AM,10:45:00 AM,H104,
CCEE426L,1,Design of Embedded Systems Lab,1,Milana Kasab,M,1:55:00 PM,3:25:00 PM,ElectLab,
CCEE426L,2,Design of Embedded Systems Lab,1,Milana Kasab,W,1:55:00 PM,3:25:00 PM,ElectLab,
CCEE444,1,Antennas and Propagation,3,Oussama Mustafa,T R,12:00:00 PM,1:15:00 PM,H204,
CCEE444L,1,Antennas and Propagation Lab,1,Oussama Mustafa,T,3:00:00 PM,4:40:00 PM,COMMLAB,
CCEE447,1,Digital Communications,3,Oussama Mustafa,M W,12:30:00 PM,1:45:00 PM,H204,
CCEE447L,1,Communications Lab,1,Rouaa El Chamaa,M,10:55:00 AM,12:25:00 PM,COMMLAB,
CCEE447L,2,Communications Lab,1,Rouaa El Chamaa,W,10:55:00 AM,12:25:00 PM,COMMLAB,
CCEE454,1,Computer Networks,3,Amal Arid,M W,11:00:00 AM,12:15:00 PM,H205,
CCEE454,2,Computer Networks,3,Amal Arid,M W,2:00:00 PM,3:15:00 PM,H205,
CCEE454L,1,Computer Networks Lab I,1,Amal Arid,M,7:55:00 AM,9:25:00 AM,C Lab IV,
CCEE454L,2,Computer Networks Lab I,1,Amal Arid,T,3:00:00 PM,4:40:00 PM,C Lab IV,
CCEE499,1,Coop Work Experience,1,Placement Office Coop and,,,,,
CCEE521,1,Hardware-Software Co-design,3,Staff Staff,M W,2:00:00 PM,3:15:00 PM,H002,
CCEE528,1,Computer Architecture,3,Staff Staff,M W,12:30:00 PM,1:45:00 PM,H002,
CCEE554L,1,Computer Networks Lab II,1,Amal Arid,W,7:55:00 AM,9:25:00 AM,COMMLAB,
CCEE554L,2,Computer Networks Lab II,1,Amal Arid,R,3:00:00 PM,4:40:00 PM,COMMLAB,
CCEE555L,1,Computer Networks Lab III,1,Amal Arid,T,1:25:00 PM,2:55:00 PM,C LAB III,
CCEE556L,1,Computer Networks Lab IV,1,Amal Arid,R,1:25:00 PM,2:55:00 PM,C LAB III,
CCEE566,1,Natural Language Processing,3,Rouaa El Chamaa,T R,3:00:00 PM,4:15:00 PM,B204,
CCEE595A,1,BE Summative Learning Project I,3,Staff Staff,,,,,
CCEE685VII,1,Advanced Topics in CCE: From Data to AI,3,Bassam Moslem,M W,3:30:00 PM,4:45:00 PM,H103,
CHEM160,1,Chemistry I,3,Inas Abdel Malak,M W,9:30:00 AM,10:45:00 AM,B204,Freshman and Remedial Course
CHEM211,1,Environmental Chemistry and Lab,3,Inas Abdel Malak,M W,11:00:00 AM,11:50:00 AM,B204,
CHEM211L,1,Environmental Chemistry Lab,0,Inas Abdel Malak,M,12:00:00 PM,1:30:00 PM,B103,
CHEM211L,2,Environmental Chemistry Lab,0,Roba AlHajj,T,11:55:00 AM,1:25:00 PM,B103,
CIVE211,1,Statics,3,May Mrad,M W,9:30:00 AM,10:45:00 AM,D201,
CIVE211,2,Statics,3,Rana HajChhade,M W,2:00:00 PM,3:15:00 PM,H003,
CIVE312,1,Structural Analysis I,3,Meheddene Machaka,T R,1:30:00 PM,2:45:00 PM,D201,
CIVE321,1,Construction Materials,3,Riad Wardany,T R,9:30:00 AM,10:45:00 AM,D201,
CIVE321L,1,Construction Materials Laboratory,1,May Mrad,F,8:00:00 AM,9:40:00 AM,Civil Lab,
CIVE341,1,Highway Engineering,3,Riad Wardany,M W,12:30:00 PM,1:45:00 PM,D201,
CIVE413,1,Computer Modeling of Structures,3,Meheddene Machaka,M W,8:00:00 AM,9:15:00 AM,C LAB III,
CIVE415,1,Concrete II,3,Meheddene Machaka,M W,11:00:00 AM,12:15:00 PM,D203,
CIVE423,1,Soil Mechanics,3,Riad Wardany,M W,9:30:00 AM,10:45:00 AM,F102,
CIVE423L,1,Soil Mechanics Laboratory,1,May Mrad,T,1:20:00 PM,2:55:00 PM,Civil Lab,
CIVE432,1,Environmental Engineering,3,May Mrad,T R,12:00:00 PM,1:15:00 PM,D201,
CIVE435,1,Hydraulics,3,May Mrad,T R,9:30:00 AM,10:45:00 AM,D203,
CIVE499,1,Co-op Work Experience,1,Placement Office Coop and,,,,,
CIVE501,1,Construction Planning and Management,3,Rana HajChhade,T R,1:30:00 PM,2:45:00 PM,B204,
CIVE506,1,LEED and Green Construction Principles,3,Rana HajChhade,M W,12:30:00 PM,1:45:00 PM,B203,
CIVE524,1,Nondestructive Evaluation & Instrumentation,3,Riad Wardany,T R,12:00:00 PM,1:15:00 PM,D203,
CIVE595A,1,BE Summative Learning Project I,3,Staff Staff,,,,,
CIVE595B,1,BE Summative Learning Project II,3,Meheddene Machaka,,,,,
CMNS200,1,Etiquette,1,Mirna Talhouk,M,9:30:00 AM,10:45:00 AM,H102,Community and Sustainability
CMNS200,2,Etiquette,1,Mirna Talhouk,W,9:30:00 AM,10:45:00 AM,H102,Community and Sustainability
CMNS205,1,First Aid,1,Roba AlHajj,R,9:30:00 AM,10:45:00 AM,H004,Community and Sustainability
CMNS360,1,Ethics in Communication,3,Nisreen Sinjab,T R,1:30:00 PM,2:45:00 PM,H004,Humanities
CMNS370,1,Videography in Media,3,Saber Abdallah,M W,9:30:00 AM,10:45:00 AM,I215,Fine Arts
COSC399,1,COOP Work Experience,1,Placement Office Coop and,,,,,
COSC214,1,Introduction to Programming,3,Ali Rammal,M W F,8:00:00 AM,9:40:00 AM,H002/C LAB III,
COSC214,2,Introduction to Programming,3,Ali Rammal,M W F,9:30:00 AM,11:40:00 AM,H002/C LAB III,
COSC214,3,Introduction to Programming,3,Roaa Soloh,M W F,8:00:00 AM,11:30:00 AM,D201/I228,
COSC214,4,Introduction to Programming,3,Mohamad alAbed,T R F,8:00:00 AM,11:40:00 AM,D204/G LAB1,
COSC214,5,Introduction to Programming,3,Mohamad alAbed,T R F,10:00:00 AM,12:50:00 PM,H002/G LAB1,
COSC316,1,Design and Analysis of Algorithms,3,Ali Rammal,T R,12:00:00 PM,1:15:00 PM,I228,
COSC333,1,Web Programming,3,Roaa Soloh,T R,8:00:00 AM,9:15:00 AM,I228,
COSC333,2,Web Programming,3,Roaa Soloh,T R,9:30:00 AM,10:45:00 AM,I228,
COSC421,1,Theory of Computation,3,Roaa Soloh,M W,11:00:00 AM,12:15:00 PM,H002,
COSC451,1,Operating Systems,3,Ali Rammal,T R,8:00:00 AM,9:15:00 AM,H104,
COSC490,1,Summative Learning Experience,3,Lara AbouOrm,,,,,
COSC498VII,1,Special Topics in Computer Science: Image Processing,3,Roaa Soloh,M W,12:30:00 PM,1:45:00 PM,I228,
CVLN301,1,Civilization Studies I,3,Abir Oweini,M W,11:00:00 AM,12:15:00 PM,F204,Humanities
ELEC320,1,Electronics,3,Toufic Hijazi,M W,9:30:00 AM,10:45:00 AM,B203,
ELEC320,2,Electronics,3,Toufic Hijazi,M W,2:00:00 PM,3:15:00 PM,B203,
ELEC320,3,Electronics,3,Toufic Hijazi,T R,9:30:00 AM,10:45:00 AM,B203,
ELEC320,4,Electronics,3,Toufic Hijazi,T R,1:30:00 PM,2:45:00 PM,B203,
ELEC320L,1,Electronics Lab,1,Milana Kasab,M,3:30:00 PM,5:00:00 PM,ElectLab,
ELEC320L,2,Electronics Lab,1,Milana Kasab,T,1:25:00 PM,2:55:00 PM,ElectLab,
ELEC320L,3,Electronics Lab,1,Milana Kasab,T,3:00:00 PM,4:40:00 PM,ElectLab,
ELEC320L,4,Electronics Lab,1,Milana Kasab,W,3:30:00 PM,5:00:00 PM,ElectLab,
ELEC320L,5,Electronics Lab,1,Milana Kasab,R,3:00:00 PM,4:40:00 PM,ElectLab,
ELEC451,1,Control Systems,3,Mohammad Taha,M W,11:00:00 AM,12:15:00 PM,H003,
ELEC499,1,Co-op Work Experience,1,Placement Office Coop and,,,,,
ELEC503,1,Artificial Neural Systems,3,Staff Staff,M W,12:30:00 PM,1:45:00 PM,B204,
ELEC534,1,Advanced Power Systems,3,Mohammad Taha,T R,1:30:00 PM,2:45:00 PM,D204,
ELEC536,1,Renewable Energy Systems,3,Staff Staff,M W,2:00:00 PM,3:15:00 PM,D201,
ELEC595A,1,BE Summative Learning Project I,3,Staff Staff,,,,,
ENGL101,1,Freshman English,3,Maysaa Banat,M W,12:30:00 PM,1:45:00 PM,F204,
ENGL101,2,Freshman English,3,Fawzieh Orabi,M W,2:00:00 PM,3:15:00 PM,F102,
ENGL101,3,Freshman English,3,Maysaa Banat,T R,9:30:00 AM,10:45:00 AM,F201,
ENGL210,1,English Composition and Rhetoric,3,Maysaa Banat,M W,8:00:00 AM,9:15:00 AM,F207,
ENGL210,2,English Composition and Rhetoric,3,Grasiella Harb,M W,11:00:00 AM,12:15:00 PM,F203,
ENGL210,3,English Composition and Rhetoric,3,Naziha Shamseddine,M W,2:00:00 PM,3:15:00 PM,F103,
ENGL210,4,English Composition and Rhetoric,3,Grasiella Harb,T R,8:00:00 AM,9:15:00 AM,H004,
ENGL210,5,English Composition and Rhetoric,3,Maysaa Banat,T R,12:00:00 PM,1:15:00 PM,F101,
ENGL217,1,Professional English Communication,3,Najwa Fares,M W,9:30:00 AM,10:45:00 AM,F206,
ENGL217,2,Professional English Communication,3,Najwa Fares,M W,12:30:00 PM,1:45:00 PM,F203,
ENGL217,3,Professional English Communication,3,Grasiella Harb,T R,12:00:00 PM,1:15:00 PM,F103,
ENGR300,1,Engineering Economics and Management,3,Zeinab Srour,T R,12:00:00 PM,1:15:00 PM,H004,
ENGR510,1,Engineering Project Management,3,Rana HajChhade,M W,9:30:00 AM,10:45:00 AM,D201,
ENGR510,2,Engineering Project Management,3,Rana HajChhade,T R,9:30:00 AM,10:45:00 AM,H003,
ENGR600,1,Engineering Research Methods,3,Staff Staff,M W,2:00:00 PM,3:15:00 PM,D203,
ENVS201,1,Introduction to Environmental Science,3,Roba AlHajj,M W,3:30:00 PM,4:45:00 PM,H204,Science Elective Not open for Engineering Students
FADR200,1,Drawing I,3,Nadine Zahreddine,M W,9:00:00 AM,10:50:00 AM,I217,
FADR200,2,Drawing I,3,Nadine Zahreddine,M W,2:00:00 PM,3:50:00 PM,I217,
FADR215,1,History of Art,3,Lina Hassoun,M W,11:00:00 AM,12:15:00 PM,I215,Fine Arts
FADR215,2,History of Art,3,Lina Hassoun,M W,12:30:00 PM,1:45:00 PM,I215,Fine Arts
FADR220,1,Fundamentals of 2D Design,3,Lana Charara,M W,9:00:00 AM,10:50:00 AM,D202,
FADR220,2,Fundamentals of 2D Design,3,Lana Charara,M W,2:00:00 PM,3:50:00 PM,D202,
GRDS220,1,Introduction to Digital Media,3,Rihab Zebian,T R,9:30:00 AM,10:45:00 AM,ILABVI,
GRDS220,2,Introduction to Digital Media,3,Rihab Zebian,T R,12:00:00 PM,1:15:00 PM,ILABVI,
GRDS230,1,Photography I,3,Saber Abdallah,M W,8:00:00 AM,9:15:00 AM,I215,
GRDS300,1,Illustration,3,Nadine Zahreddine,T R,12:00:00 PM,1:15:00 PM,I217,
GRDS300,2,Illustration,3,Nadine Zahreddine,T R,1:30:00 PM,2:45:00 PM,I217,
GRDS305,1,Type II,3,Soubhi Farroukh,T R,8:00:00 AM,9:15:00 AM,I216,
GRDS305,2,Type II,3,Soubhi Farroukh,T R,9:30:00 AM,10:45:00 AM,I216,
GRDS310,1,Design I,3,Staff Staff,M W,9:00:00 AM,10:50:00 AM,ILABVI,
GRDS310,2,Design I,3,Staff Staff,M W,2:00:00 PM,3:50:00 PM,I216,
GRDS385,1,VR Illustration and Sculpting,3,Mohamad Darwish,F,9:00:00 AM,11:30:00 AM,C Lab IV,
GRDS399,1,Co-op Training Experience,1,Placement Office Coop and,,,,,
GRDS409,1,Design Writing Research,3,Noura Sammoura,T R,8:00:00 AM,9:15:00 AM,I217,
GRDS409,2,Design Writing Research,3,Noura Sammoura,T R,9:30:00 AM,10:45:00 AM,I217,
GRDS411,1,Design III,3,Serene Srouji,M W,9:00:00 AM,10:50:00 AM,I216,
GRDS411,2,Design III,3,Serene Srouji,M W,12:00:00 PM,1:50:00 PM,I216,
GRDS424,1,Web and Interactive Design,3,Myriam Chamoun,M W,2:00:00 PM,3:15:00 PM,ILABVI,
GRDS424,2,Web and Interactive Design,3,Myriam Chamoun,M W,3:30:00 PM,4:45:00 PM,ILABVI,
GRDS440,1,Design and Social Impact,3,Noura Sammoura,M W,12:30:00 PM,1:45:00 PM,ILABVI,
GRDS440,2,Design and Social Impact,3,Noura Sammoura,M W,2:00:00 PM,3:15:00 PM,H005,
GRDS498II,1,Special Topics in Graphic Design: Art Direction,3,Mohamad Darwish,F,12:00:00 PM,2:30:00 PM,ILABVI,
IELP085,1,Elementary English,6,Fayza Hazimeh,M T W R,8:00:00 AM,1:50:00 PM,F101,
IELP085,2,Elementary English,6,Rola AlDanab,M T W R,8:00:00 AM,1:50:00 PM,F102,
IELP095,1,Intermediate English,6,Likaa AbouHadir,M T W R,8:00:00 AM,1:50:00 PM,F103,
IELP095,2,Intermediate English,6,Hoda Arkadan,M T W R,8:00:00 AM,1:50:00 PM,F207,
IELP100,1,Advanced English,3,Naziha Shamseddine,M W T R,9:30:00 AM,12:15:00 PM,F206,
IELP100,2,Advanced English,3,Dina Baba,M W T R,9:30:00 AM,12:15:00 PM,F205,
MATH185,1,Introduction to Probability and Statistics,3,Lama Abdallah,T R,1:30:00 PM,2:45:00 PM,H003,Remedial Course
MATH189,1,Fundamentals of Algebra,3,Lama Abdallah,T R,12:00:00 PM,1:15:00 PM,H003,Freshman and Remedial Course
MATH190,1,Calculus I,3,Rawan Abdallah,T R,12:00:00 PM,1:15:00 PM,H102,Freshman and Remedial Course
MATH191,1,Calculus II,3,May Abdallah,M W,8:00:00 AM,9:15:00 AM,H003,Freshman and Remedial Course
MATH207,1,College Algebra,3,May Abdallah,M W,9:30:00 AM,10:45:00 AM,H003,
MATH215,1,Calculus III,3,Lara AbouOrm,M W,8:00:00 AM,9:15:00 AM,H102,
MATH215,2,Calculus III,3,Khaled Abou Alfa,T R,8:00:00 AM,9:15:00 AM,H103,
MATH215,3,Calculus III,3,Khaled Abou Alfa,T R,9:30:00 AM,10:45:00 AM,H103,
MATH215,4,Calculus III,3,Rawan Abdallah,T R,1:30:00 PM,2:45:00 PM,H102,
MATH311,1,Linear Algebra,3,Elissar Nasreddine,M W,8:00:00 AM,9:15:00 AM,H104,
MATH314,1,Ordinary Differential Equations,3,Elissar Nasreddine,M W,9:30:00 AM,10:45:00 AM,H204,
MATH314,2,Ordinary Differential Equations,3,Elissar Nasreddine,M W,11:00:00 AM,12:15:00 PM,H104,
MATH314,3,Ordinary Differential Equations,3,Lara AbouOrm,T R,9:30:00 AM,10:45:00 AM,H102,
MATH351,1,Probability and Statistics,3,Lara AbouOrm,M W,12:30:00 PM,1:45:00 PM,H102,
MATH421,1,Numerical Analysis,3,May Abdallah,M W,12:30:00 PM,1:45:00 PM,C Lab IV,
MATH421,2,Numerical Analysis,3,Lara AbouOrm,T R,12:00:00 PM,1:15:00 PM,C Lab IV,
MECA440,1,Control System Design,3,Ahmad Koubeissi,M W,8:00:00 AM,9:15:00 AM,H003,
MECA441,1,Sensors and Actuators,3,Ahmad Koubeissi,T R,12:00:00 PM,1:15:00 PM,B203,
MECA442,1,Microcontrollers for Mechatronics,3,Ahmad Koubeissi,M W T,9:30:00 AM,2:55:00 PM,H104/MECALAB,
MECA442,2,Microcontrollers for Mechatronics,3,Ahmad Koubeissi,M W R,9:30:00 AM,2:55:00 PM,H104/MECALAB,
MECA444,1,Mechatronics Systems Programming,3,Ahmad Koubeissi,T R,8:00:00 AM,9:15:00 AM,H102,
MECA485,1,Autotronics,3,Maya Maatouk,M W,12:30:00 PM,1:45:00 PM,H005,
MECA498VII,1,Special Topics in Mechatronics Engineering,3,Maya Maatouk,M W,11:00:00 AM,12:15:00 PM,H005,
MECA499,1,Co-op Work Experience,1,Placement Office Coop and,,,,,
MECA541,1,CAD/CAM/CAE,3,Mohammad AlKaderi,M W,2:00:00 PM,3:15:00 PM,C Lab IV,
MECA595A,1,BE Summative Learning Project I,3,Nadim Diab,,,,,
MECA685IV,1,Advanced Topics in Mechatronics Engineering,3,Bassam Moslem,M W,3:30:00 PM,4:45:00 PM,H103,
MECH200,1,Introduction to Mechanical Engineering,3,Mohammad AlKaderi,T R,9:30:00 AM,10:45:00 AM,MECALAB,
MECH220,1,Dynamics,3,Nadim Diab,M W,9:30:00 AM,10:45:00 AM,H005,
MECH320,1,Mechanics of Materials,3,Ahmad Chaaban,M W,8:00:00 AM,9:15:00 AM,B204,
MECH320,2,Mechanics of Materials,3,Ahmad Chaaban,T R,8:00:00 AM,9:15:00 AM,B204,
MECH320L,1,Mechanics of Materials Lab,1,Ahmad Chaaban,T,3:00:00 PM,4:40:00 PM,Mech Lab,
MECH320L,2,Mechanics of Materials Lab,1,Mohammad AlKaderi,R,1:20:00 PM,2:55:00 PM,Mech Lab,
MECH320L,3,Mechanics of Materials Lab,1,Mohammad AlKaderi,R,3:00:00 PM,4:40:00 PM,Mech Lab,
MECH321,1,Mechanisms & Dynamics of Machinery,3,Nadim Diab,M W,2:00:00 PM,3:15:00 PM,B204,
MECH321,2,Mechanisms & Dynamics of Machinery,3,Nadim Diab,T R,12:00:00 PM,1:15:00 PM,B204,
MECH330,1,Thermodynamics I,3,Manar Younis,M W,12:30:00 PM,1:45:00 PM,H004,
MECH421,1,Mechanical Design I,3,Ahmad Chaaban,T R,9:30:00 AM,10:45:00 AM,B204,
MECH422,1,Manufacturing Processes,3,Ahmad Chaaban,M W,11:00:00 AM,12:15:00 PM,B203,
MECH431,1,Heat Transfer,3,Manar Younis,T R,1:30:00 PM,2:45:00 PM,H005,
MECH435,1,HVAC,3,Manar Younis,M W,11:00:00 AM,12:15:00 PM,H004,
MECH453,1,Buildings and Energy,3,Manar Younis,T R,9:30:00 AM,10:45:00 AM,H002,
MECH499,1,Co-op Work Experience,1,Placement Office Coop and,,,,,
MECH541,1,Renewable Energy,3,Omar Berjawi,M W,8:00:00 AM,9:15:00 AM,H003,
MECH595A,1,BE Summative Learning Project I,3,Nadim Diab,,,,,
MECH685II,1,Advanced Topics in Mechanical Engineering,3,Bassam Moslem,M W,3:30:00 PM,4:45:00 PM,H103,
PHIL310,1,Philosophers of Peace,3,Mira Alameddine,M W,2:00:00 PM,3:15:00 PM,F207,Humanities
PHYS190,1,General Physics - Mechanics,3,Husam Salami,M W,3:30:00 PM,4:45:00 PM,H102,Freshman and Remedial Course
PHYS191,1,General Physics - Electricity and Magnetism,3,Ahmad Tarhini,T R,1:30:00 PM,2:45:00 PM,H103,Freshman and Remedial Course
PHYS210,1,Fundamentals of Physics and Lab,3,Ahmad Tarhini,T R,3:00:00 PM,4:15:00 PM,H103,
PHYS211,1,Physics: Electricity and Magnetism and Lab,3,Husam Salami,M W,2:00:00 PM,3:15:00 PM,H102,
PHYS212L,1,Physics Lab,1,Roba AlHajj,F,8:00:00 AM,9:40:00 AM,I229,
PHYS212L,2,Physics Lab,1,Roba AlHajj,F,10:00:00 AM,11:40:00 AM,I229,
PHYS212L,3,Physics Lab,1,Roba AlHajj,F,1:00:00 PM,2:40:00 PM,I229,
POSC301,1,Introduction to Political Science,3,Nisreen Sinjab,T R,3:00:00 PM,4:15:00 PM,H004,Social Science
PSYC301,1,Introduction to Psychology,3,Kamal Nahas,M W,12:30:00 PM,1:45:00 PM,F201,Social Science
PSYC401,1,Emotional Intelligence,3,Nashrawan Mourad,T R,1:30:00 PM,2:45:00 PM,F103,Social Science
PSYC410,1,Abnormal Psychology,3,Nashrawan Mourad,T R,3:00:00 PM,4:15:00 PM,F103,Social Science
SOCI190,1,Freshman Sociology,3,Kamal Nahas,M W,2:00:00 PM,3:15:00 PM,F201,Freshman Social Science
SOCI310,1,Intercultural Communication,3,Najwa Fares,T R,9:30:00 AM,10:45:00 AM,F202,Social Science
SOCI410,1,Culture and Identity,3,Grasiella Harb,M W,8:00:00 AM,9:15:00 AM,H103,Social Science
